doc_id,0,1,2
0,0.07361411344166334,0.44614906103442065,0.27935073557075907
1,0.07234758256596437,0.428685048032525,0.26823794740186335
2,0.08115034889685396,0.17612157565545294,0.6571787016983182
3,0.06387346339015518,0.43181443197023567,0.27947972863195764
4,0.09162099638083028,0.3785928024786414,0.3515009789869695
5,0.10980376614047713,0.32612311358025087,0.44781247348601133
6,0.15477367054028238,0.2899145865391515,0.19571165098903132
7,0.0996418927390367,0.429755359169315,0.422538690211553
8,0.11809639933063769,0.39900686769762045,0.2540167321990153
9,0.08745556864311717,0.39394291036510565,0.42672861723415845
10,0.24883567833537026,0.43280747941395703,0.1952165444056365
11,0.08302592833205863,0.16310608258177842,0.6311035417591252
12,0.09983214321814404,0.24070208938224624,0.1187235043985146
13,0.09217585804583224,0.2726927540473668,0.5499975622870489
14,0.07480258571573593,0.15920422992945266,0.16194663781282426
15,0.2848493027935793,0.35183248916218446,0.1160028604951372
16,0.26599122906401473,0.1511718137624204,0.514446506556657
17,0.10479348873392119,0.47160838466675065,0.20966732687522865
18,0.12475937951294627,0.39824729644006773,0.34895267270931496
19,0.14364871633032236,0.3269371897374997,0.16593461081447494
20,0.20212688950063445,0.3461567948933752,0.33203851780161875
21,0.17178466961105102,0.2055919285013191,0.2592664119530016
22,0.7684256061967722,0.04358528378643412,0.04541826078195594
23,0.18723038964481747,0.22884852195613184,0.24513706418462775
24,0.42218864582739296,0.35459889028051345,0.1232882221403313
25,0.24503295266688283,0.257454970793626,0.28044433962264387
26,0.0947612329853063,0.13907578555677946,0.7116672304640442
27,0.13775408263792566,0.20223690653297674,0.49290754960661315
28,0.11363977584390661,0.3196872292884957,0.46971717649206246
29,0.12455108232649464,0.10745043733280435,0.1172930876098667
30,0.10293627202280746,0.4623399144783779,0.07598001329018073
31,0.11725528305313011,0.13159840372284123,0.11901374739908198
32,0.10898378377576114,0.33259067689478383,0.3001344565385752
33,0.0862140322467873,0.18040099105840665,0.6281661493829447
34,0.06643344903291859,0.17559736887058858,0.09903445391264451
35,0.07351215552723754,0.18428679728994446,0.6660281784531731
36,0.08391789681588284,0.1454984828817179,0.13898293228269062
37,0.08539697951698108,0.5466931891844303,0.1744979125283553
38,0.15575700369691925,0.4796259230727284,0.11876104472380669
39,0.12206617332467398,0.20687981343473666,0.10329548577587352
40,0.22298286409872184,0.15980188992223668,0.229748383523338
41,0.05580104819035751,0.1391482117444569,0.7103300075845754
42,0.17001814814720684,0.352520989068631,0.3448612259314733
43,0.09358853340774906,0.3293981183411302,0.46887363804383586
44,0.14110817715014617,0.29597725705744576,0.1783143283403353
45,0.05390253824298848,0.192333669107353,0.6778538554953879
46,0.05424866999040247,0.679266573515305,0.10807439139826355
47,0.06511775878056587,0.5394157549395884,0.18872788032926813
48,0.17553875448702447,0.5213846407212586,0.13258773558466425
49,0.14528497179489164,0.20678585566828267,0.16674562106508803
50,0.10335178488732356,0.6017393451694645,0.1578947872997183
51,0.07301929951406813,0.6155812254406099,0.21529484281124867
52,0.11557904937310692,0.3387285005223571,0.13308163921102256
53,0.0785570806053929,0.1899421882753036,0.5882998469949939
54,0.11882218396398928,0.1657584963160931,0.09037591102166019
55,0.40614443850488047,0.3689098983597082,0.14894954121994727
56,0.0574947469150036,0.05390669235114091,0.05958565677270174
57,0.0964328780692339,0.269715752099923,0.13327069154353594
58,0.0840833505372877,0.3250669198242872,0.09699773723884351
59,0.13583433425568936,0.25994464775655945,0.16831335581593576
60,0.119190391042829,0.2636105337093432,0.41411156738639593
61,0.05364348231948058,0.1807147030789337,0.666902753395357
62,0.7655056100527056,0.07124350161215764,0.08031849181642023
63,0.4522724859914921,0.3102638925520832,0.15049356304008132
64,0.4612301516432676,0.3054892953802713,0.14819259094019477
65,0.10939321729301088,0.2695165952571189,0.5486457688009023
66,0.23686650221737043,0.3114183807045778,0.34826555520437674
67,0.2728794318301546,0.3897379971013943,0.20132364475127243
68,0.2735670359149386,0.2865988991926255,0.3473581591928133
69,0.3317878235907851,0.22741578470844434,0.12460639648053122
70,0.07746765714383194,0.2156222726855311,0.563083873039776
71,0.06149435567086678,0.5733156194336413,0.28860100385525433
72,0.09816417338277635,0.12482204468967292,0.08669908470190299
73,0.2595670372143543,0.32597848634185383,0.2868432806737268
74,0.1896358771242044,0.1438074316680802,0.5763182413607411
75,0.08193843779574214,0.42544650858777183,0.39817021231276545
76,0.08153121321031481,0.6331535286236961,0.17189318926994998
77,0.21137008117061912,0.5345610435086748,0.1296171794294468
78,0.14124199330736026,0.5459375133510979,0.16525873812121697
79,0.09570441151444829,0.18094113111160998,0.29667717139754884
80,0.08208354235476763,0.5725094124343519,0.23501077008672588
81,0.17325980858243453,0.4573165135046164,0.2341535612571827
82,0.06627051021465569,0.0834458124129903,0.7805896558245613
83,0.2727747700104437,0.3629951779191343,0.11380147189326988
84,0.08139899636385631,0.5506396901831607,0.10327159895805074
85,0.05762968904684456,0.11750498983834377,0.7706533523995143
86,0.054995477565691286,0.33664043874966504,0.13189508922047316
87,0.0499041556359844,0.2182662478780601,0.6688753007971182
88,0.06116785804210462,0.1878132396169735,0.6857474556739472
89,0.06956265227738559,0.1538919148985164,0.6719473720518178
90,0.1351000104718795,0.2836831599361064,0.4740063772498423
91,0.07625960165334449,0.5961119130052569,0.21293417791253216
92,0.17316147238650265,0.23079870879674266,0.24210815413014408
93,0.0934880097881806,0.6057521445218574,0.10676889272075149
94,0.1101521773168516,0.5907196156474155,0.10730411097396168
95,0.06568025291790368,0.20529704430664264,0.6406446749725477
96,0.07374159286203881,0.6345734067363205,0.2235489077479134
97,0.3184868256244565,0.27750419260905584,0.20594413803852532
98,0.06024220723801652,0.2707501215522437,0.5247005950111968
99,0.06605788251111791,0.15982926915813211,0.699798164889992
100,0.46320441943809015,0.2564575812188233,0.12548126277320193
101,0.08558846572659318,0.27737270913591716,0.49518482679039716
102,0.05194372083812538,0.16960709504552204,0.6810517034589133
103,0.08455734573749024,0.13463514953199504,0.6499077986890406
104,0.04603423342866657,0.10884607953301652,0.7625354103818521
105,0.1358561206260708,0.29125230693128573,0.4444428578848135
106,0.21188116363832446,0.5276972725582066,0.15626173224772005
107,0.11565294678104465,0.26785719648430933,0.11122922522772291
108,0.08283071080352206,0.5190522998314553,0.2754573401195696
109,0.19932516667841993,0.5569796556293612,0.11950514151007131
110,0.09955778722366417,0.683698544938661,0.14889977614219801
111,0.05661330380225779,0.1744897657822769,0.6555759984988049
112,0.11905759789463781,0.5657408744240247,0.1782338944089581
113,0.05177486307669985,0.14903133085304943,0.7171646968194885
114,0.1884270262110437,0.48511303857947075,0.12541289328263683
115,0.07604988509914978,0.6140309019553886,0.1830945315399879
116,0.12176603913828496,0.33120050087082675,0.4260483760785532
117,0.05298821662433419,0.31463020313623397,0.1395529344318237
118,0.10401810855899574,0.6365805859415142,0.10275775685672846
119,0.11460553023676368,0.5943802643236,0.21787646075588782
120,0.30709942072845725,0.28821011489592685,0.11137598819456644
121,0.08378058480619596,0.18464914040284972,0.6548297107271102
122,0.09588084231577812,0.5750457580544281,0.1474176607106346
123,0.16798418366375775,0.42197790265365775,0.2949016394410805
124,0.0686539634674244,0.5032650444576041,0.35472785843947485
125,0.0626281637424594,0.2449281085870311,0.5991925160259225
126,0.07354615638210726,0.18789733866342195,0.6474008944550752
127,0.27863430154462016,0.3459334425383235,0.17100868683615889
128,0.0493671294954289,0.3188753671882748,0.13814375305112297
129,0.12061082755966734,0.49024551999545335,0.2604324969269726
130,0.09209141172181147,0.6409867767501335,0.1475897481250362
131,0.127759953397246,0.5410761214591198,0.23267544649965965
132,0.10832344956078331,0.23748148036227695,0.2620216706467467
133,0.054881137746205386,0.5677804347645217,0.3024317715538885
134,0.07328966702609818,0.2008451001699983,0.6570949641430921
135,0.24930631512747772,0.3626833963872501,0.15982796682812547
136,0.12363987357428892,0.45276463287095325,0.09525189000864157
137,0.08081994112573945,0.6331037729227307,0.13716914102115657
138,0.2538787492868471,0.4308576217890884,0.1390590501895703
139,0.07927970846420174,0.2932442083809645,0.12500531995408187
140,0.13131211518107513,0.4940876813998745,0.2531003696030842
141,0.09467876428335337,0.5901367947625891,0.137682274611042
142,0.09447782943582332,0.4950973198047288,0.08581400275371733
143,0.12384911156035941,0.3830140628385242,0.1385541842913638
144,0.1546555554934285,0.3374109898169621,0.14234020327862731
145,0.2744050222442834,0.43426596292599606,0.12452022599801604
146,0.11020651826828302,0.2937024849709276,0.1579027525708789
147,0.13231146624182072,0.47562305646055214,0.12759487728272972
148,0.12810032960210815,0.5892787838994361,0.16308387193836074
149,0.11606546042415337,0.5911719970358663,0.18704037334861362
150,0.19802436412246244,0.593183833437411,0.09681325999154226
151,0.4341025348254412,0.2558067396728066,0.20582327203414716
152,0.2692192230468046,0.42736067869347377,0.09490199432398147
153,0.18621754141351843,0.26163656312661676,0.1269335596758169
154,0.054949232640881154,0.30154710446527827,0.16789420954365858
155,0.10276846979871057,0.48053741769883634,0.3131380902600575
156,0.3040092510494604,0.42139582779959417,0.17477433167631726
157,0.06554496872854683,0.2800219944108858,0.5799233705364174
158,0.038163476815628,0.08602434905444857,0.226325465035289
159,0.07036234012031448,0.16669468518050182,0.14071527063007253
160,0.0815161497563252,0.47386644913637893,0.3749589084181786
161,0.31235244045853305,0.3020539688605984,0.27269789254593424
162,0.09016247455667627,0.5933359892811705,0.15733480678008802
163,0.055956625933361266,0.11582133285490806,0.23747479037743013
164,0.09324336711122773,0.23598874713356147,0.1546368920925919
165,0.07635203321153507,0.2028452052259779,0.6187731906879584
166,0.25822397332726954,0.27449730792609917,0.34906300701866594
167,0.05806163551777705,0.6982292285543324,0.12427079013405914
168,0.10072505563839833,0.2935087300227343,0.11137524421326228
169,0.1037597842533142,0.5066229012796608,0.31473632218892295
170,0.05652406709528543,0.33458726205749256,0.5285076920059514
171,0.08299665812233824,0.42892041158953986,0.08156627473379852
172,0.1464588550245123,0.27301856570870614,0.2024494544647757
173,0.3161522774996147,0.24480961547566213,0.3124449161790031
174,0.18509090232959147,0.34196370665159576,0.395859666674757
175,0.053952780256625664,0.21230037324304585,0.5871350181410021
176,0.08140966475008526,0.7278985312591201,0.07580261471397294
177,0.39201924550373624,0.2758654395990716,0.22342777616562012
178,0.2527258574777147,0.2643679661014402,0.2260738928460881
179,0.07567068554251435,0.40695496241630036,0.2590382495303979
180,0.24824585246066613,0.3657706015946549,0.2710024536638762
181,0.22251306624566228,0.3576366081094403,0.22369982486253057
182,0.17792092922735891,0.28851760564264983,0.386316230240855
183,0.0809141676479948,0.5105837877197146,0.3290020082536362
184,0.1989167318784548,0.33550876565651183,0.26239496147890723
185,0.11870841230289722,0.42083968471947153,0.34853008252990597
186,0.2194976919628649,0.4564507632972012,0.2451781578762757
187,0.26830713309215487,0.42582276191337803,0.2233488185806459
188,0.34654696430249804,0.2280524871868501,0.28265813002076956
189,0.1525497745808346,0.33760376206649684,0.42822012899908324
190,0.8646843978192833,0.031504178917553166,0.06505866472716762
191,0.19361249208233386,0.4588741324376683,0.1082471311152148
192,0.07502179484546558,0.502836317091093,0.12656769210771512
193,0.1506269394195,0.3444780293223041,0.11899210838327735
194,0.2906991764277072,0.46449895442765105,0.10863424749561831
195,0.3278680298684359,0.3912273904709365,0.1531559200084835
196,0.31782979961612573,0.3448543587838024,0.15742084160421513
197,0.06489228931342378,0.6712368495586281,0.21100955978703856
198,0.07380470528675823,0.3643760948122526,0.09081357646231915
199,0.11157086356502603,0.19477955884171644,0.20048101150817735
200,0.23109284120140622,0.19220775841826754,0.1273373461559824
201,0.09579710058536685,0.34518946515534216,0.45691952944317316
202,0.07787633664774442,0.6810124982313339,0.07537866453979626
203,0.0702130860040748,0.5582358328506402,0.24569055787839988
204,0.10761192005246963,0.2297362676701957,0.5212989689921692
205,0.1766977759798415,0.5139713488999625,0.07705797778798652
206,0.10639844830503269,0.4046059359428556,0.09970077403112582
207,0.10965625318761307,0.5076766634955195,0.19141793535135257
208,0.0653158989762,0.41304050677431364,0.07361005165480691
209,0.08041136176192588,0.4937653344778379,0.08187691468889746
210,0.10866912227216127,0.2967737953172056,0.4633648380435333
211,0.3435442162567231,0.34817241274518906,0.16094856795751314
212,0.0990442359956779,0.1234505251232673,0.11760250886128631
213,0.09384012285799676,0.27199596582923347,0.4722294291606714
214,0.07970417862873003,0.32670452135058115,0.1325168812753049
215,0.06214744050197647,0.46930702862531276,0.131962957529812
216,0.08601469797072174,0.12570717471349066,0.1280057264894937
217,0.11901164211974119,0.31169527789350077,0.12321560623096565
218,0.11038856011735479,0.3827599342196764,0.11624600020297632
219,0.14705738900415896,0.551944909079362,0.1925077771387806
220,0.0500915385406555,0.14111401339973592,0.7269698456806709
221,0.05021939892888995,0.1411547896279088,0.7267690809306192
222,0.15194562215544655,0.26114444278604815,0.3490930154787189
223,0.1298198443441475,0.31304038786263555,0.14897727497148072
224,0.11150499724045168,0.29501835921306047,0.42798175367346886
225,0.10031421569581538,0.20561365214579524,0.6083263949126086
226,0.12814231037283624,0.682287862239518,0.13984138685005593
227,0.615516016764772,0.1032877868423556,0.11111370728030892
228,0.06647234616601704,0.33567010973502964,0.08370543464063672
229,0.12287032031191938,0.19960152623568408,0.5774111343407283
230,0.16497007426303573,0.5995800556928308,0.10064257385726542
231,0.12050506308271094,0.23805272334600677,0.09556320879230829
232,0.09033063089039803,0.6737174453682615,0.13083657787855568
233,0.07560040076752504,0.15395779272787713,0.6851289438735988
234,0.16945570573171106,0.3638237993088367,0.13673556658464756
235,0.10094220856744278,0.4251184450951252,0.13979412097587346
236,0.2361372052918915,0.5590636030524031,0.08388229889377162
237,0.12868111531451012,0.5870694530018101,0.1813829082517907
238,0.08469494124420564,0.5424395116780275,0.22931921400759986
239,0.08291686313377923,0.24406055218921172,0.6041904722802806
240,0.05092540511569439,0.18257388560734794,0.696373329135979
241,0.04131431302868769,0.7838437324953521,0.0855347147767453
242,0.07169551629772226,0.337089489614438,0.08720194350071897
243,0.1907155777075067,0.46399896564623483,0.09642838895733166
244,0.17374075116794405,0.6042904704617847,0.1390832667710503
245,0.23251851652496974,0.37243906794130127,0.1644185165938018
246,0.2967444159733126,0.4568591840284298,0.12733082225589237
247,0.09146686777099303,0.6612112542160579,0.10529164193102966
248,0.1161824464465,0.1942824900001363,0.5724039529610097
249,0.1864252674894789,0.3867656465038679,0.1259716541738613
250,0.35193131400053546,0.20388147313385585,0.2640292075927022
251,0.8335775317205673,0.045872306528483585,0.05250030596486175
252,0.17700226431814295,0.37992314487089235,0.2920884594247763
253,0.10335985992401144,0.5696151589475366,0.13322438211600346
254,0.0891141335639962,0.4833373103385289,0.30289852241279097
255,0.04578459592302723,0.1635753648966749,0.6491174764211167
256,0.16995609999670164,0.4122680748194791,0.2558532804659128
257,0.08167069951434083,0.26941213312791185,0.5698518351899563
258,0.08914176630113023,0.4270730893733141,0.3920043058708678
259,0.0769631238768456,0.43133982037471935,0.4041881709441756
260,0.11516087596330321,0.2505253237738372,0.11139024472653815
261,0.0545220502692897,0.10872127644909016,0.7478161319470501
262,0.04667097181838843,0.16255813742071268,0.7143118820124438
263,0.28085081906821135,0.19150830262135438,0.13296015390300273
264,0.2363563239146893,0.42913888035381764,0.21356985024963807
265,0.12301882918800405,0.6824580262123514,0.10095203829067562
266,0.12456135675545271,0.43536696689290394,0.13201663954584128
267,0.16689653012429062,0.4493397264537945,0.29886818146859634
268,0.1165174557116093,0.6914310950623149,0.08486716846665428
269,0.06944963980631784,0.5277859265319876,0.21721791089932602
270,0.1508256556440007,0.2606877329824304,0.39387877362349094
271,0.9481577154050339,0.015188906775339827,0.028052712032786895
272,0.08233130469190222,0.09436918335340237,0.07604200478899385
273,0.08015387689832056,0.2989643526191581,0.13891556106657482
274,0.07548237336409193,0.7361405745457917,0.09230304388383337
275,0.09567000962145022,0.2814251430111456,0.5209885481149388
276,0.11260848366334943,0.5924389250764514,0.19212499687351636
277,0.34426683386165186,0.3157459114652472,0.19896766720147954
278,0.40692313308340594,0.38301867595434036,0.10422008604516642
279,0.16504483407460022,0.5364830045179023,0.09534204848724376
280,0.2757206143068274,0.5171651170471768,0.06516468208362829
281,0.2831660896138351,0.5086917268902187,0.09824972210673281
282,0.11405215890025495,0.19283820412145017,0.15288098521922616
283,0.07068473376198857,0.15501653656633116,0.686220355452679
284,0.18918265294213132,0.2532881715437329,0.40789031039738494
285,0.06169479850438734,0.17231157373709008,0.7006079359736588
286,0.05402085360215899,0.23957835226693908,0.6357227773643032
287,0.1451059054641568,0.35798594685240304,0.3213594182143689
288,0.21700937380804336,0.3899819095462308,0.216058425932492
289,0.1419318297756455,0.6344774888087692,0.08705984069741146
290,0.28586320936930854,0.47278788495980056,0.14717260866854534
291,0.0558504019838202,0.5811056791900184,0.1287167540353439
292,0.11930707013718332,0.46526366445142725,0.3325017120531057
293,0.19916056592715298,0.3465981031715543,0.39928564712793646
294,0.3600192714494525,0.3576498108753085,0.1927476517958198
295,0.09960059025754298,0.4813350571518437,0.20121240829514286
296,0.21425922390215865,0.5311953951455521,0.12851710399546357
297,0.07294658761032147,0.6224501494594361,0.1722016053330007
298,0.09117417390312507,0.4621123224378198,0.14862136626415232
299,0.2541111716491958,0.3972577317360803,0.08826247082366907
300,0.09439583368328743,0.5818770631280994,0.2480136932467867
301,0.06457289453001805,0.24926581739402479,0.06091994732332893
302,0.25410698010739596,0.2801652851794964,0.08037678455624328
303,0.13177876181542839,0.4359489404287665,0.2390199890476932
304,0.04743474035037297,0.16220920305274672,0.7327015309026662
305,0.0475511596511515,0.16272340195266416,0.7319220962818481
306,0.07406798952411653,0.49735512750838967,0.3324268050092364
307,0.08558564525467495,0.6276310103868026,0.19180980157475178
308,0.08625584640230816,0.12571255672131634,0.0649206012534617
309,0.16221824875502022,0.5512108261767962,0.10867952063503467
310,0.12820912379593488,0.5631715944097162,0.13882871134538663
311,0.12430048996632398,0.3715315486389942,0.1926980771228938
312,0.11321376766542435,0.34369878302228557,0.3537035808589577
313,0.10102386432364135,0.4937202540173091,0.2268345313823241
314,0.6567250278468766,0.09043897558674753,0.11329463842160072
315,0.10806839399601213,0.537139641592976,0.2206959364545464
316,0.0603516213635876,0.10072256604783522,0.07045817776971298
317,0.45927754135023274,0.2934895667336042,0.16908818554525012
318,0.06571659129427193,0.21765635002094438,0.10127869067095797
319,0.12047122965619948,0.29855266508205347,0.10791519669965675
320,0.055678979255297655,0.10966250080865453,0.07605526130798515
321,0.055272305611338515,0.3032288236646309,0.5499235345665552
322,0.060462757023250005,0.10924190285636136,0.07797907850874919
323,0.19871472305925514,0.46305446983138765,0.21057934193750338
324,0.0949351491223422,0.40383783637592907,0.39140324194657605
325,0.08286025398095472,0.32513640238181885,0.41920264007478364
326,0.18419623450774622,0.5494980407192704,0.19277329655272885
327,0.13689460264615366,0.4082632848484579,0.34173089905227505
328,0.07674010595330816,0.12527558294023,0.10442679972373718
329,0.11455602038623368,0.6603263527435312,0.13722866166023137
330,0.0712575086818421,0.7298561764282198,0.09181019580415661
331,0.14919823193847537,0.2202349863942641,0.3159188341318538
332,0.062104494779405536,0.17376157020422275,0.6569582461101381
333,0.12919463148074425,0.1336851838821207,0.08288021487482475
334,0.0830232268469188,0.6089296320572902,0.1728162452429142
335,0.06565724793241548,0.17384899441468593,0.4921165262949132
336,0.06565720042656642,0.17384913345491,0.4921164187951427
337,0.15368086476613027,0.4081337256747005,0.25664851996853294
338,0.19791853556463487,0.5478710762993444,0.15960528344466898
339,0.20297578074155367,0.410128052767133,0.14893910236343819
340,0.15926173539102412,0.4177292147591255,0.26873557705276685
341,0.11001345688462993,0.0963019133940431,0.08314639621337921
342,0.1089711631326046,0.6435175581484308,0.1446398498969004
343,0.07471339139724209,0.6018979435609134,0.21657562065421643
344,0.05919871978113556,0.45461340361845215,0.41301375246684474
345,0.40951440318783916,0.39953023820427397,0.10362257158037552
346,0.09196271632567969,0.1719293371456751,0.6841970216476093
347,0.1390895616822237,0.4312249705931474,0.29412392376944635
348,0.05831895024831892,0.393736037002855,0.14472063067939636
349,0.17732585035640666,0.1396019585298683,0.08887287165206358
350,0.1411479152760861,0.47021507559169257,0.14699344903010358
351,0.14630084662940995,0.48858018618815585,0.15054213611255346
352,0.09706021254500484,0.21279442177153549,0.45620053628430324
353,0.11040925353670183,0.1486856280463114,0.6609328842857739
354,0.13092226386993888,0.4505555027263636,0.2201233572297552
355,0.06999532940533071,0.4361577474567076,0.3479801103349091
356,0.06750907178361454,0.3780194455689481,0.40818526844343367
357,0.09726003240878744,0.27029524483753176,0.12604552906341981
358,0.3158966229418065,0.38159701340005536,0.10056896151269952
359,0.24295343568746774,0.454270597322952,0.19065543610262176
360,0.13843441798654044,0.4874900250906344,0.2950784750764018
361,0.08250924856041729,0.21628637826121458,0.36402294765597293
362,0.153393611516108,0.40297781236856844,0.25007579969617055
363,0.05973767115683296,0.5441296101130184,0.16896936013153796
364,0.16924199802606,0.3717411446759246,0.30489674481696954
365,0.15332713365506662,0.468341838019203,0.2046254968662957
366,0.3961073382012575,0.311977282138839,0.16769411680914525
367,0.33637361113573855,0.2745635542627974,0.26440613444743966
368,0.3178939654470399,0.2992194846726306,0.23772846844796147
369,0.11978089474991846,0.5837345787851678,0.1681115291294569
370,0.11395881503171644,0.5349723208020962,0.23988055761574945
371,0.29303519573836073,0.3488415049658518,0.25434674322748974
372,0.12412930441080107,0.3425164539643462,0.43985659518485315
373,0.08447420765090649,0.43994682878571,0.32510064296431956
374,0.3949529397868669,0.34686766133491864,0.04758681557657647
375,0.0666217343266821,0.5821568683604091,0.30504742556723335
376,0.09687778939204786,0.5071447479261405,0.2674152015790655
377,0.12986645301723335,0.616948453045822,0.08396406807785046
378,0.09319256661737471,0.5223304828741065,0.23386796264052823
379,0.1298612046309201,0.6178245031166085,0.08398727468526083
380,0.07640192350035004,0.25493768435365394,0.55672667996189
381,0.11277706509864376,0.3631474406645887,0.27130717435620255
382,0.3537942566853662,0.14293376253770856,0.08270072572405596
383,0.2969282035229051,0.16256319232260275,0.08306761020623983
384,0.12150431268749307,0.5948016198392037,0.142016587585508
385,0.10073367477677903,0.21966725970086862,0.5344322528731419
386,0.22491700206645177,0.5906353743891526,0.10028238431990887
387,0.11695494414478849,0.6886010866360937,0.12255502701211798
388,0.11570570614410632,0.37968355652065117,0.12164775722616883
389,0.06338546738525813,0.49072609256301136,0.3923194714941535
390,0.1088362982871563,0.261680433711379,0.11270039854937323
391,0.3782930360675702,0.14713282710502615,0.07462190848634653
392,0.2679042251508995,0.11265022011884218,0.0863768819782479
393,0.13737792312758512,0.22367950737557604,0.1898153244037711
394,0.07375218163636564,0.5801235764030142,0.23588732599279721
395,0.09582565977818466,0.45854331853546454,0.36808618001609755
396,0.051052034651322846,0.10708027225535838,0.7318210492044641
397,0.03720087288384353,0.6568331053121472,0.2480580132220929
398,0.17684570221976978,0.5191593310961797,0.1466679617638163
399,0.11560211408142654,0.4755590623064614,0.3465508307521588
400,0.22058911935731468,0.3415813856903691,0.11653957150636149
401,0.12381969045510445,0.1844028235759493,0.2446289520657515
402,0.0951483232760551,0.406483214009492,0.396392445661375
403,0.05418950708695012,0.5551601156187616,0.203460081415876
404,0.06740575544604403,0.4670764174723618,0.36502252973595456
405,0.14440870187297689,0.3345530136247866,0.39293116628417285
406,0.07679381258589146,0.2371445793502593,0.11652088132012677
407,0.10553618351607301,0.5740410220160344,0.12573550151913543
408,0.08849536347030802,0.6403485745365747,0.08337308913890715
409,0.09607592094025208,0.4731311758480089,0.1340424721621079
410,0.069846100584098,0.18087123528919566,0.6664717197820517
411,0.22287155570581815,0.36247466942032047,0.1921970280638968
412,0.06919860910624862,0.6807486370353718,0.18610002813456633
413,0.011331460201405788,0.011534971348619555,0.9658635352424159
414,0.21214868396495098,0.2971955505847479,0.17523807819273912
415,0.011973011037975465,0.01298808425778537,0.9641203151418701
416,0.010686846806399024,0.012712963968890963,0.9658856505321555
417,0.05448133771855786,0.1936440989541377,0.6670823066297121
418,0.12345570945671934,0.49280513805703746,0.25644464624507296
419,0.13334107324711045,0.3426691101343984,0.12200835737896365
420,0.099109209777741,0.5306782586128473,0.29594783901110083
421,0.2519279463294562,0.4572062694505985,0.11021127537911372
422,0.05976430498832331,0.3111239473208673,0.20375862177201068
423,0.02759175625901603,0.03374671451032334,0.906692381608854
424,0.02521626260931638,0.030335912088819684,0.9104389780386385
425,0.12858497924994636,0.4003294536267428,0.2585719012608331
426,0.32067056514770986,0.5020966414248295,0.09767758019387955
427,0.03470338296032007,0.05122359106397631,0.03393948732366803
428,0.012850817740524705,0.03518888829290619,0.9332074504212947
429,0.015663577815349272,0.03787573454287541,0.9206872549901919
430,0.08253768422970888,0.18180917102541985,0.40387329430623614
431,0.29957360532574495,0.2727267285556391,0.36503597989656883
432,0.16658477850384326,0.27872390583622886,0.1557061657223937
433,0.09768734983912958,0.5603369259668506,0.20669327824413541
434,0.1922098913488666,0.38959037272522334,0.12275826608047356
435,0.3942628082637036,0.37653531928786765,0.12259588958482853
436,0.08222398050582026,0.6982055452596283,0.12982935657051756
437,0.06635005687075629,0.17447109073346234,0.11669688039175917
438,0.07054879435451078,0.2727885954257888,0.5403950012372675
439,0.10770976815326677,0.22555755726298515,0.5272994246862832
440,0.13508355226654697,0.561092557922007,0.1840412292564351
441,0.12399770127846871,0.5524037882708087,0.1775441258516583
442,0.3610273839686345,0.317945721555875,0.1567757776772972
443,0.08864582510216398,0.6004807886301862,0.09507237589148194
444,0.11117931604080315,0.38034590524541917,0.33418187747394756
445,0.35055626806598134,0.22354356577998158,0.33312512420390605
446,0.12024726381451187,0.09729866063907322,0.08627412762947663
447,0.13056952480084008,0.16519793589971452,0.45247037791809286
448,0.1073671325074941,0.3044423958919281,0.5188096663697549
449,0.14633948068381036,0.6260390600098792,0.12918486976951357
450,0.1095486512921169,0.15267594846893975,0.08769459786981329
451,0.052694165421419956,0.5774807104937422,0.16476907650352055
452,0.07317064102805296,0.17429028061982876,0.057077043667885435
453,0.1479950778204268,0.25335647389751953,0.5077584166845854
454,0.17918331168353482,0.583904392772755,0.08580019788716793
455,0.11945829226011392,0.21477829218413125,0.16973854917625233
456,0.07183372005302882,0.6277375312250363,0.07447068413405583
457,0.06472226201405154,0.6279724165948203,0.22385766755246717
458,0.14998554421195714,0.5085144007314392,0.21535034656293486
459,0.1073388155358845,0.23774382489900472,0.0806738151942798
460,0.29758191476633455,0.2962301315398282,0.1653967937521512
461,0.09990572509841003,0.5657662599606655,0.18000600619654086
462,0.07613648889747279,0.3681570996716633,0.47644590176186147
463,0.3560203156807606,0.3369764408146584,0.11914410527592903
464,0.19302260507359867,0.5249943347958815,0.13187649594496065
465,0.24614026982046752,0.38497044800287533,0.20503365881920685
466,0.08197751599833066,0.3363675849722722,0.42188627721580135
467,0.10573471147354961,0.21881965100974748,0.6042721502775481
468,0.3105044720761764,0.293423118022319,0.11596354744487951
469,0.6846575921139633,0.07721450363109728,0.08653165479616956
470,0.07482436133092293,0.3460257266055162,0.10069665752283892
471,0.08374287657191168,0.4528725186882853,0.11073265683118139
472,0.05713916318618008,0.3574661480613945,0.12952318087088932
473,0.07758943578038205,0.10574995288533627,0.1316406415346119
474,0.06766988372563688,0.6361460394005719,0.20945432683078913
475,0.06419483453791676,0.25490554410519606,0.5349516308299473
476,0.32912121496235935,0.23103980887249642,0.16768811488092603
477,0.08700526416761019,0.46098335990935063,0.24871035725496354
478,0.17406812917133505,0.3566851266469708,0.3509898234944348
479,0.12559315092723664,0.30589527710014736,0.10453071458966184
480,0.07998890056760444,0.2917675479601551,0.47991690492985567
481,0.0445316456217227,0.6384295881052013,0.11663060570522991
482,0.07633187431622243,0.29173951016276395,0.16372752171038157
483,0.24627045368691905,0.3416457092101714,0.23586511307592933
484,0.08377299882419771,0.5497281224197486,0.23544479277655517
485,0.08976421394412833,0.2634964553382378,0.48325844630656967
486,0.307746522333591,0.24642119111536215,0.06796688807184244
487,0.12517585353669197,0.1749216711453943,0.1509182415390003
488,0.4379166328366125,0.2307929018753449,0.28174352776657424
489,0.05628224879738322,0.28491807311273776,0.5564815831510675
490,0.21168508087220042,0.3110736934031368,0.3541820197890895
491,0.31830135291091355,0.20387547328870856,0.3580437558911436
492,0.14476132906083675,0.23731255922296957,0.12896401514362546
493,0.2355971384108746,0.44564281456234445,0.2262449700859276
494,0.3368627493004233,0.19133146638285065,0.31207154430224976
495,0.07906281713886919,0.7175608875552342,0.09812376319049293
496,0.05214184985540665,0.180167049992405,0.1913856125379594
497,0.10682761866440868,0.252063398143605,0.14820082217066768
498,0.09454525777831208,0.4308768125759138,0.3977805004780628
499,0.0649711098068889,0.12436304228498864,0.7039966159437512
500,0.06679480771174828,0.3163003064703616,0.5143327919784823
501,0.13477313223257306,0.3684384400654239,0.39062208875996984
502,0.118867844140468,0.6256913269109214,0.175544183361466
503,0.05197867766402472,0.10729259567728601,0.08692117041981896
504,0.10925211934550337,0.5505727983031314,0.2248373035580076
505,0.10598857123125723,0.08890496306289723,0.7283175383664583
506,0.1198942409607506,0.1825805539688383,0.12787125734596091
507,0.7294931488967896,0.06822947125332549,0.09769154563608073
508,0.03986165319361587,0.38991386344067974,0.4801083958390146
509,0.17104086047231662,0.19456882125614425,0.15866340465238327
510,0.18343527637013274,0.2574776804460737,0.06300702887969398
511,0.09018526348537066,0.17037359763320845,0.12383612303482538
512,0.37976257994532525,0.3069410022032655,0.24459022968392435
513,0.38806939088921555,0.29464198660821955,0.2409395442011231
514,0.21520333450143406,0.1968143387034466,0.1080949745766689
515,0.07709254253287637,0.5916339944755354,0.09941698240844346
516,0.2373047682376642,0.15581755637780542,0.2809658899323933
517,0.06586680564552044,0.14458342938200552,0.6931444114539771
518,0.04835850469605872,0.2086874582284375,0.10543874291943885
519,0.035009538329850876,0.010475472326310704,0.9458300237923288
520,0.03347976304357389,0.011390851701768859,0.947305706833661
521,0.09091921681939506,0.4094248261910722,0.3304435597418251
522,0.11446233043245743,0.3238694481100945,0.3976988589368795
523,0.08818794388780936,0.259311096916465,0.5418839688396465
524,0.14781408896126624,0.2820594738027674,0.1592493768571371
525,0.3425022488085164,0.30646528187721034,0.19691051367667517
526,0.09210443593370662,0.5985219692856165,0.22584951531570205
527,0.09125644493550686,0.06890457814125239,0.1216584837993246
528,0.14919863227044514,0.35859132108802316,0.14143007881330563
529,0.14653229593244557,0.33091488348410114,0.18730614655949307
530,0.1796762355206985,0.1381161173541653,0.1161345724421517
531,0.11469567971875766,0.5653197202326565,0.17320289514768542
532,0.08403326083683978,0.26206032748413344,0.5389285142969151
533,0.1713043706978556,0.43570009535869286,0.29143891674590966
534,0.3892205998724746,0.15758256664456774,0.09225255779773073
535,0.08774853925371635,0.24699322158615228,0.1332904594137849
536,0.1443381930907707,0.2512365314703959,0.40262008913350383
537,0.04913302825816535,0.6637487438235793,0.18284189037383
538,0.05154034299707582,0.6647365095804365,0.17936084547684622
539,0.12895304719437198,0.4051578682608571,0.3472385926293013
540,0.1435605436370542,0.5019717652362324,0.1980497221440699
541,0.1150388408669788,0.5541419386673221,0.22021684965744537
542,0.0721163622529866,0.4652823081448785,0.2650580813920269
543,0.07499944349972493,0.424268237096528,0.3322475953244098
544,0.07581864290352187,0.46196498895319055,0.33293000206076867
545,0.09371520923694807,0.433815270510517,0.31747904893200996
546,0.15147555328500825,0.38041877487494524,0.3003635617819644
547,0.07839378955659751,0.38374242613606774,0.40219127107459124
548,0.060440637892444554,0.21281438074613174,0.6242099579418706
549,0.0932217151482355,0.4870636344487895,0.25748911348519316
550,0.15060385013972036,0.31149695373902114,0.1281207967613439
551,0.11180912779908837,0.4196641591426192,0.3978787852584597
552,0.08760311681752937,0.16898904806296522,0.6425181846956205
553,0.36194841378605724,0.2200303362713039,0.21473021047238694
554,0.06513714181572237,0.17386615925642315,0.22219371120988082
555,0.13332301688350567,0.10595183951514862,0.653780410480612
556,0.10712309246392873,0.19850444096048295,0.5925516050397935
557,0.07863558686512599,0.5051282675820837,0.3411123596228808
558,0.05449910900685714,0.5630453935284432,0.2871666545738691
559,0.2110242914954832,0.363953804853217,0.30661600239469977
560,0.1521603411929049,0.3391979512430087,0.3982058705024131
561,0.1040549075463964,0.5920699239959151,0.2050979544939044
562,0.08520041397488816,0.5891093376288852,0.21163551555870216
563,0.09153616548887665,0.4592466241726045,0.3117491215479925
564,0.059973609279652916,0.5456736413805954,0.29703796778340674
565,0.10843851692878881,0.2583479212275653,0.5185686620326533
